rainfall,runoff
0,120
8.67,117
0,114
0,111
10.6,108
0,105
0,102
2.92,99.3
0,96.8
0,94.1
11.4,92.4
0,89.9
9.37,87.7
0,85.3
0,83.3
9.1,81.5
0,79.8
0,77.9
0,76.3
0,74.6
0,72.9
0.32,71.3
0,69.8
0.27,68.7
0,67
2.32,65.5
10.4,65
0,64
0,62.9
0,61.9
0,60.9
10.7,60.2
0,59.1
11,58.7
0.195,58
9.42,57.7
0,56.8
0,56
0,55.2
0,54.6
0,53.9
4.02,53
0,52.2
0.132,51.7
4.24,50.6
0.026,49.9
0.248,49.4
0,48.6
0.06,47.9
0.838,47.1
0.205,46.5
0.112,45.9
0.032,45.3
0.327,44.8
0.137,44
0,43.6
0,43.1
0,42.5
8.23,42
0.145,41.6
0,41.2
1.09,41
0,40.5
0.493,40.1
7.7,39.9
0.196,39.4
7.88,39.3
8.73,38.9
1.03,38.6
0.312,38.6
0.857,38.4
0.374,38.4
0,38.7
7.7,38.7
6.51,38.9
5.11,39.1
7.36,39.4
8.56,39.9
0.357,40.4
3.75,40.8
0.486,41.7
0.552,42.4
2.75,43.2
0,44
0.59,45.2
0,46.4
9.59,47.6
0,49.1
0.263,50.6
0,52.1
1.13,54.1
7.11,56
2.74,58.3
3.44,60.3
0,62.5
3.26,64.8
0,67.6
0.134,70.2
0.191,73.3
0.205,76.7
1.31,80.3
0.28,86
1.29,91.8
0.319,97.8
0,104
6.09,109
6.97,125
3.51,128
0.277,133
1.89,138
0.141,144
0.282,149
4.2,154
0.142,159
4.17,164
0.191,168
0.159,173
2.29,176
4.74,180
1.05,182
6.88,185
0,187
0.089,189
0,191
1.6,193
1.59,196
0.162,201
0.2,208
0.251,218
0.391,232
0,252
0.655,1.29E+03
0,453
0,1.25E+03
0,504
0,474
0,1.15E+03
0,1.08E+03
2.14,1.01E+03
0,939
6.72,934
0.195,898
0,877
1.69,860
0,841
5.17,820
0,797
0.101,772
0,454
0.632,425
1.5,412
1.28,409
0.088,411
0,385
0,384
0,388
0,396
1.5,406
0.157,1.43E+03
0,1.14E+03
8.44,1.08E+03
0,919
10.4,879
0,872
0,888
0,916
0,947
0,977
0,1.00E+03
0,1.02E+03
2.23,1.04E+03
11.2,1.07E+03
0,1.06E+03
0,1.05E+03
0,1.04E+03
0,1.02E+03
0,1.00E+03
13.5,1.10E+03
0,1.02E+03
0,968
12.6,1.00E+03
2.36,935
0,887
4.1,847
0,809
2.24,776
7.68,765
16.7,994
3.83,833
0.909,455
0,420
14.2,1.12E+03
6,510
0.493,452
3.51,427
13.3,421
3.75,421
11.8,432
0.463,439
14.7,480
12.9,511
3.74,483
0.599,487
14,508
14,540
13,578
5.24,588
0.512,618
0.771,636
0.608,2.09E+03
13.3,1.70E+03
11.7,869
3.28,755
15.5,705
1.91,681
7.67,1.49E+03
7.98,786
9.67,741
5.61,1.45E+03
6.95,802
7.18,1.64E+03
9.43,1.42E+03
6.1,1.30E+03
0.837,805
9.5,1.44E+03
0.807,818
6.84,755
5.72,736
8.93,732
5.08,740
5.52,760
6.32,775
5.34,794
8.81,810
8.26,1.95E+03
7.08,1.68E+03
6.11,941
8.56,1.61E+03
10.3,2.16E+03
3.83,1.25E+03
6.23,1.29E+03
10.4,1.27E+03
4.96,1.32E+03
6.25,1.30E+03
5.22,1.29E+03
0,1.22E+03
0.076,1.19E+03
0,1.16E+03
0.001,1.14E+03
6.02,1.13E+03
11.2,1.22E+03
0.075,1.09E+03
12,1.24E+03
15.6,2.15E+03
11.5,1.56E+03
13.7,1.66E+03
11.5,2.45E+03
0,1.48E+03
12.1,1.67E+03
13.7,3.68E+03
0,1.04E+03
16.2,2.67E+03
0,1.54E+03
13,1.65E+03
0,1.48E+03
0.05,1.34E+03
0,1.27E+03
16.3,2.68E+03
0.076,1.02E+03
16.8,1.88E+03
0.076,1.48E+03
0.001,1.37E+03
0.359,1.32E+03
0.001,1.29E+03
0.001,1.27E+03
0,1.24E+03
0,1.22E+03
0,1.19E+03
0,1.17E+03
6.57,1.14E+03
0,1.11E+03
0,1.08E+03
0,1.05E+03
0.469,1.02E+03
0,647
0,603
7.48,586
0,582
6.97,584
0,587
0,591
0,592
0,555
0,550
0,548
0,547
0,546
8.08,543
0,540
7.9,534
0,528
0,522
0,514
0,506
0,498
2.74,489
0,481
0,472
0,463
0,455
0,446
0,438
0,429
0,420
0,413
1.23,405
0,397
0,389
0,381
0,372
0,362
0,353
3.41,344
0,331
0.633,322
0,313
0,305
0,297
0,290
0,283
0,276
0,270
0,263
6.54,259
0,253
4.1,247
0,236
0,228
0,221
0,215
0.467,210
0,204
0.167,199
0.734,194
0,189
0,184
0,179
0,174
0.311,169
0,165
0,161
0,156
0,152
0,148
0.024,144
0,140
0,137
0.2,134
0,131
0,127
0.099,124
0,121
0,118
0,116
0,113
0,110
0,108
0,105
0,102
0.911,98.9
0,95.9
0.401,93
0.39,90.6
0.533,88.4
10.3,87
0,85.2
0,83.1
3.6,81.5
0,79.6
0,78
0,76.4
4.88,74.6
0,73.3
0,71.5
0,70.1
0,68.7
9.46,67.4
0,65.9
8.38,64.7
1.5,63
9.62,61.9
0,60.7
9.02,59.4
0.015,58.5
0,57.2
0,56.2
0,55.2
0,53.9
3.61,53
0,52.2
0.16,51.3
0.845,50.2
2.17,49.7
4.06,48.6
0.996,48
0,47.2
0,46.3
0,45.7
9.07,44.8
9.77,44.2
0.238,43.6
0.199,43
0.102,42.3
1.86,41.7
0,41.2
0.117,40.7
0.905,40.3
0.135,39.6
0.506,39.2
0,38.6
0.189,38.4
0.544,38
0,37.6
11.8,37.1
9.5,36.8
0.779,36.6
0,36.2
4.48,36.2
1.02,36.1
1.83,35.8
0,35.7
0.587,35.9
2.53,35.7
0.039,35.8
8.47,36
4.44,36.3
0.411,36.3
4.9,36.5
4.74,36.9
0.175,37.5
0.155,37.9
0.294,38.6
0.278,39.2
0.602,39.8
0.388,40.6
0.837,41.4
0.663,42.2
0.619,42.9
0,43.8
6.69,44.8
3.03,45.8
0.382,46.7
0.003,47.6
0.511,48.8
4.78,49.9
8.51,51.2
0.535,52.3
0.572,53.6
0,55
0.239,56.8
0,58.9
0.593,61.4
0,64.5
0.198,68.5
0,73.2
0.441,78.6
0,84.5
0.557,91.4
0.385,98.9
6.02,107
0.186,116
5.92,126
0.333,136
0.291,147
0.369,158
6.41,169
0.501,181
0,192
1.34,204
0,215
0.187,225
3.23,235
2.19,243
0.479,251
6.98,262
2.7,270
0,275
0,279
0.934,281
2.53,282
2.43,281
0,280
0,278
0,274
0,271
0.086,268
0,264
0,260
1.45,256
1.27,253
3.37,250
0.315,247
4.72,244
0.34,241
0,238
0,236
2.94,234
5.88,231
3.42,229
5.09,227
3.98,225
0.1,223
0,221
0.26,219
0.575,217
1.07,215
0.143,213
0.4,211
8.04,209
0,208
0,208
0,209
9.41,213
2.59,220
0,231
11.5,248
0,271
9.71,1.11E+03
0,478
2.17,1.13E+03
9.64,1.08E+03
0.383,1.06E+03
10.9,1.08E+03
0.243,1.12E+03
0,1.19E+03
0,1.28E+03
5.38,1.37E+03
0,1.45E+03
0,1.53E+03
0,1.59E+03
0,1.63E+03
0,1.66E+03
0,1.67E+03
11.1,1.66E+03
11.1,1.66E+03
5.44,1.69E+03
0,1.66E+03
9.27,1.63E+03
0,1.59E+03
15.2,1.57E+03
0.531,1.53E+03
0.606,1.50E+03
0.378,1.47E+03
2.9,1.43E+03
12.9,1.44E+03
12.5,1.42E+03
2.86,1.36E+03
13.3,1.37E+03
3.28,1.30E+03
5.47,1.27E+03
4.28,1.33E+03
0.895,1.27E+03
14,1.29E+03
13.8,1.26E+03
4.84,1.19E+03
14.7,1.19E+03
2.4,1.13E+03
1.55,1.09E+03
12.1,1.09E+03
15.4,1.13E+03
3.3,1.07E+03
4.6,1.04E+03
0.275,623
14.5,1.19E+03
14.5,666
13.1,1.34E+03
2.69,717
11.3,1.43E+03
4.95,760
1.5,713
8.64,718
9.3,735
7.31,791
8.72,2.23E+03
10.6,1.90E+03
10,2.17E+03
8.07,1.66E+03
7.04,1.61E+03
11.1,1.51E+03
9.45,1.52E+03
0.611,939
8.34,1.74E+03
0.87,963
5.38,1.56E+03
0.556,915
1.21,845
13.8,2.10E+03
3.12,1.14E+03
12.7,2.56E+03
0.823,1.75E+03
9.45,1.09E+03
5.67,1.69E+03
9.56,1.58E+03
5.67,1.04E+03
7.6,1.64E+03
8.84,1.61E+03
6.99,1.52E+03
3.82,1.01E+03
8.22,1.60E+03
3.58,1.03E+03
0.081,954
0.076,931
14.4,971
0.054,965
12.9,2.26E+03
0.007,1.14E+03
15.5,2.17E+03
0,1.11E+03
0,980
0,919
7.4,927
0,902
13.9,2.17E+03
2.28,1.05E+03
14.5,1.97E+03
13.9,1.95E+03
13.3,1.88E+03
15.3,2.01E+03
13.2,2.14E+03
0.035,1.84E+03
0.07,1.69E+03
0.001,1.60E+03
0.413,1.53E+03
0.061,1.48E+03
14.5,1.58E+03
1.24,1.49E+03
1.46,1.43E+03
1.85,956
14.6,1.63E+03
0.076,976
10,1.67E+03
0,965
9.36,902
0,874
0,869
0,873
0,879
0,884
0,887
0,887
0,884
0,878
0.103,868
0,857
0,844
5.88,829
0,764
4.1,747
0.575,734
0,723
0,712
4.59,700
0,687
0,673
0,658
0,644
0,629
0.111,614
0,599
1.12,586
0,572
0,558
0,545
0,533
0,521
0,509
0,498
0.088,487
0,476
0,466
1.37,456
0,446
0,436
0.009,425
0,414
0,403
0,392
0,378
0,367
0,357
0,347
2.75,338
0.018,329
3.86,320
0.015,310
1.09,302
0,288
0,277
4.83,268
0,259
5.61,252
3.55,244
0,236
3.84,230
0,222
3.72,215
0,209
2.46,203
0,197
0,190
0,185
0,179
0,174
0.417,169
0,164
0,160
0,155
0,151
0,147
0,143
0,139
1.62,136
0.012,132
0,129
0,125
0,122
0,119
0,115
0,113
0.309,110
1.9,107
1.18,104
0,101
8.77,98.2
6.04,95.5
0,93.3
0,91
0,88.9
3.85,86.7
0.102,84.2
0,82.3
1.25,80.5
0,78.4
8.32,76.9
9.97,75.2
8.77,73.5
0,72.2
0,70.4
0.847,68.9
0,67.7
1.63,66.2
0,64.8
1.47,63.8
2.08,62.7
0,61.2
0,60.1
0.717,58.9
0,57.9
3.93,56.8
0.967,55.6
0,54.5
0,53.6
0.912,52.7
6.87,51.5
2.58,50.8
2,49.9
3.74,48.9
1.84,47.9
0.25,47.4
1.7,46.5
0.974,45.8
0.169,45
0.945,44.5
0.218,43.7
0.089,42.9
0.107,42.4
0,42
0.236,41.3
0,40.8
8.25,40.3
0,39.8
8.95,39.3
0,38.8
0,38.3
0,38.1
1.17,37.5
1.82,37.3
0.184,37
0.237,36.5
3.96,36.4
1.46,36.1
1.05,35.7
0.424,35.7
5,35.4
8.25,35.2
0,35.2
0.766,35.1
0,35.1
0.426,35.2
0.948,35.2
0.429,35.3
0.073,35.5
0.655,35.5
0.399,36
0.641,36.4
1.57,36.7
1.35,37.5
0.899,38.1
0.385,38.9
0,39.7
1.82,40.4
5.08,41.5
0.239,42.6
1.72,43.9
0.435,44.7
0.441,46
0.266,47.3
2.43,48.3
8.44,49.5
7.84,50.6
0.569,51.8
0,52.6
3.22,53.7
0,54.7
3.02,55.7
0.657,56.5
0,57.8
3.42,58.9
0,60.2
2.9,61.4
1.37,62.9
0.212,64.2
0.234,65.7
0.52,67.3
0.608,68.9
2.98,70.9
3.46,72.6
0.325,74.5
0.121,76.4
0,78.5
0.124,80.9
0,83.3
0.33,85.8
0.896,88.2
0.923,90.8
0.139,93.6
0.177,95.9
4.1,98.7
0,101
6.64,104
0,106
6.17,109
0,111
0.336,114
0.497,116
0.134,119
0.216,122
2.98,125
2.44,129
0.183,136
0,143
6.38,154
0,168
0,187
3.75,211
0.359,240
2.71,273
1.46,309
0.109,345
0.211,382
0.158,416
0,448
0,476
0.169,504
0,529
2.23,617
0.822,635
0.162,656
1.25,678
0,701
1.27,723
5.89,744
0.142,762
0,776
0,787
0,796
1.38,806
0,817
0,830
0,847
9.37,870
1.83,2.74E+03
0,2.15E+03
0,1.72E+03
0,1.52E+03
1.67,1.45E+03
2.35,1.46E+03
0,1.50E+03
2.69,1.55E+03
0,1.60E+03
11.3,1.64E+03
0,1.66E+03
11.3,1.66E+03
13.2,1.66E+03
0,1.64E+03
11.6,1.61E+03
0,1.56E+03
9.31,1.51E+03
0.262,1.46E+03
0,1.40E+03
0,1.34E+03
1.88,1.28E+03
9.53,1.24E+03
10.1,1.20E+03
3.79,1.15E+03
13.7,1.21E+03
0.458,636
16.1,1.38E+03
11.8,667
1.3,624
15.2,623
0.3,641
13.3,681
9.45,2.15E+03
1.78,1.75E+03
0.139,1.46E+03
12.5,1.32E+03
13.4,1.28E+03
14.4,1.25E+03
3.97,1.22E+03
15,1.26E+03
0.98,1.22E+03
0.41,1.20E+03
0.765,1.17E+03
3.94,667
2.71,641
10.3,658
3.15,671
14.4,703
5.81,727
3.61,744
4.1,760
4.72,772
13.4,794
7.9,836
8.24,849
7.08,923
1.34,885
10.3,903
2.99,881
11.1,889
10.1,893
12.5,988
8.34,978
9.05,1.03E+03
10.9,1.11E+03
5.48,1.10E+03
8.57,1.11E+03
8.46,3.44E+03
8.59,1.36E+03
7.95,2.61E+03
7.3,1.21E+03
4.9,1.08E+03
6.24,1.10E+03
8.01,1.14E+03
7.79,1.14E+03
7.17,2.79E+03
7.58,2.41E+03
10.9,1.34E+03
7.92,1.23E+03
11.3,2.38E+03
9.47,2.19E+03
7.62,2.06E+03
7.01,2.08E+03
6.89,2.15E+03
12.9,2.71E+03
13.1,2.90E+03
14.5,2.85E+03
0.169,2.43E+03
18.6,2.66E+03
1.73,2.36E+03
18.3,2.59E+03
0.047,2.29E+03
0.147,2.13E+03
0,2.01E+03
0,1.92E+03
0.076,1.84E+03
0.044,1.23E+03
18.2,2.02E+03
13.7,2.13E+03
15,2.35E+03
0.001,2.05E+03
0.089,1.87E+03
0,1.16E+03
0.076,1.06E+03
0,1.02E+03
17.9,1.19E+03
16.2,3.03E+03
17,2.94E+03
14.1,2.70E+03
19.2,2.91E+03
13.6,2.78E+03
0.099,2.35E+03
13.2,2.57E+03
0.076,2.27E+03
6.4,2.23E+03
0,2.08E+03
0,1.97E+03
0,1.88E+03
0,1.20E+03
0,1.12E+03
0,1.10E+03
0,1.10E+03
0,1.11E+03
0,1.12E+03
0.37,1.12E+03
0.353,1.12E+03
0,1.11E+03
5.75,1.10E+03
0,1.08E+03
7.66,1.06E+03
0,1.04E+03
6.56,1.01E+03
0,987
0,961
0,934
0,908
0,883
0,800
0,776
0,760
0,746
0,733
0,719
0,705
0,690
0,675
0,661
0.685,646
0,632
0.636,618
0,605
0.778,592
0,580
0,567
0,555
0,544
0,533
0,521
0,510
0,499
0,488
0,478
0,466
0,450
1.34,437
0,425
0,413
0,402
0,392
0,382
0,371
0,362
0,352
0,342
0,332
0,323
3.19,306
7.21,295
0,284
0,275
0,266
0,258
0,249
0,242
0.862,235
0,228
0,221
0,215
0,209
1.19,203
3.59,197
0,191
0,186
0,181
0,176
0,171
0,166
0.196,162
0,157
0,153
4.5,148
0,144
4.5,140
0,136
0,132
0,128
0,124
0.805,120
0,117
1.16,114
0,111
4.49,108
0.188,104
0,102
0,98.7
0.57,96.4
0,94
0,91.5
0,89.2
0,87
0,84.6
0,82.8
0,80.8
0,78.7
0,77
0.009,75.2
2.17,73.4
0,71.7
0,70
2.5,68.6
1.71,67.1
2.6,65.6
0.783,64
9.29,62.6
0,61.2
10.7,59.9
0,58.7
0,57.4
0,56.1
0,55
0,53.9
0,52.7
0.143,51.7
0.351,50.8
0.112,49.7
0.976,48.8
1.05,47.6
0,46.9
4.03,46
11,45.2
0.099,44.6
0.16,43.6
0.111,43
0.18,42.4
5.2,41.6
0.132,40.9
4.87,40.4
0,39.7
0.173,39
0,38.5
8.73,38
1.25,37.4
9.57,37.5
0.125,36.8
0.077,36.3
3.32,36.1
1.35,35.5
1.08,35.2
8,35
0.464,34.6
7.5,34.1
0.813,33.9
0,33.6
0.762,33.2
4.54,33.1
0.59,32.8
0.525,32.6
1.5,32.6
0,32.4
0.235,32.1
1.1,32.2
0.799,32.2
8.41,32.1
0.725,32.3
5.7,36
0.359,34.2
6.92,34.4
0.606,34.4
0,34.7
1.88,35
0.81,35.3
0.477,35.7
2.81,36.1
3.46,36.8
0,37.3
1.13,38.2
0,39
7.02,40
0.608,41.1
0.187,42.9
4.72,44.5
0.907,46.3
1.68,48.6
2.14,51.2
0.076,53.9
1.78,57
0.174,60.4
3.12,63.8
0.218,67.3
0.245,71.2
6.37,82
0.116,85.3
0.493,89.2
1.25,93.3
5.84,97.7
7.21,102
6.15,106
4.3,111
4.69,115
4.45,119
0.325,123
0.145,127
7.1,140
2.63,142
7.55,151
0,152
0.046,155
2.15,157
1.74,159
0,161
0.055,164
0.618,166
1.38,168
7.67,171
0.145,174
0.353,179
4.84,185
0.126,192
0.233,201
0.072,212
0.132,226
0,241
1.28,257
0,274
0.273,292
1.05,309
0,326
0.134,341
0,354
6.09,373
0,381
7.08,391
0,397
0,402
0,406
0.204,410
0,414
0,417
0,421
0,428
0,440
0,456
0,542
11.4,572
0,612
0,659
0,712
0,772
0,836
0,905
0,979
0,3.42E+03
0,2.52E+03
7.9,2.05E+03
10.3,2.03E+03
10.7,1.82E+03
7.07,1.74E+03
0,1.69E+03
0,1.65E+03
8.02,1.63E+03
0,1.57E+03
0,1.52E+03
0,819
0,781
1.04,784
0,809
1.81,841
0.522,870
13.9,905
15.6,955
15.5,1.01E+03
14.7,3.96E+03
4.17,1.21E+03
2.54,992
3.51,884
13.3,884
1.21,878
4.56,936
11.6,942
12,969
13.3,1.01E+03
3.75,1.02E+03
0.752,1.04E+03
9.91,1.08E+03
4.65,1.10E+03
3.48,1.17E+03
13.2,1.14E+03
14,1.16E+03
5.28,1.16E+03
0,1.15E+03
15.7,1.24E+03
15.7,1.33E+03
2.96,1.26E+03
13,1.30E+03
13,1.32E+03
1.06,1.26E+03
3.39,1.23E+03
2.38,1.20E+03
11.6,1.20E+03
8.09,1.20E+03
7.02,1.26E+03
1.87,1.21E+03
7.5,1.20E+03
5.72,1.21E+03
11.5,1.28E+03
10,1.30E+03
13,1.36E+03
7.2,1.45E+03
7.93,4.83E+03
10.7,1.61E+03
9.31,1.29E+03
11.3,1.21E+03
12,1.21E+03
12.3,1.26E+03
7.74,1.29E+03
0.794,1.29E+03
9.1,1.32E+03
9.12,1.39E+03
5.23,1.41E+03
6.82,1.42E+03
13.7,1.48E+03
9.03,1.59E+03
9.32,1.65E+03
14.1,1.68E+03
12.1,5.16E+03
8.5,3.74E+03
8.42,1.82E+03
8.9,1.57E+03
0,1.44E+03
0.076,1.39E+03
14.2,1.46E+03
0.322,1.44E+03
0,1.44E+03
0.076,1.44E+03
17.8,1.50E+03
0,1.48E+03
0.053,1.47E+03
0.001,1.45E+03
15.1,1.53E+03
1.52,1.48E+03
0,1.44E+03
0.068,1.40E+03
0,1.37E+03
0.068,1.33E+03
0,1.29E+03
0,1.25E+03
14.9,1.23E+03
0,1.19E+03
14,1.30E+03
14.1,1.43E+03
17.9,4.87E+03
0.001,1.62E+03
16.9,3.22E+03
0.064,1.34E+03
14.9,2.86E+03
9.63,2.86E+03
15,2.82E+03
0.077,1.34E+03
0.034,1.15E+03
0,1.06E+03
0,1.03E+03
0.642,1.03E+03
0,1.04E+03
0,1.04E+03
0,1.05E+03
0.113,1.06E+03
1.23,1.06E+03
0.129,1.06E+03
0,1.05E+03
0,1.04E+03
0,1.02E+03
8.11,1.01E+03
0,988
0,967
0,945
7.56,863
0,840
2.17,824
0,810
0,795
0,780
0,764
0,747
0,730
0,712
0,696
0.724,679
7.21,663
0.733,646
8.19,631
0,616
0,602
0,588
0,575
0,561
0,549
0.02,536
0.839,525
0,513
0,501
0,491
0,480
0,470
0,460
0,450
1.08,440
0,431
0,420
0,405
1.19,394
0,382
0,371
0,362
0,352
0,343
0,334
0,326
0,316
0,308
0,300
0.411,293
0.478,278
0,268
0,259
0,250
0,242
0,236
0,229
0,222
0,216
0.292,210
0,204
0,199
0,194
0,189
0,184
0,179
0,174
0,170
0,165
0.559,161
0,156
0.644,152
0,148
0,144
0,140
0,137
0.404,134
9.03,130
0,127
0,124
0.01,121
2.72,117
0.471,115
9.86,112
0.434,109
0,106
0,102
0,98.9
0,96
0,93.7
0,90.8
10.8,88.6
0,86.3
10.2,84.4
0,81.8
9.34,79.8
1.19,78
10,76.6
0,74.6
2.49,73
3.55,71.5
9.24,70.1
0,68.5
0,66.9
0,65.4
0,64.3
0,62.9
0,61.7
0,60.7
0.953,59.4
0,58.3
2.05,57.2
0.065,56.4
10.5,57.4
0.027,55.1
8.92,54.2
11.1,53.2
8.94,52.5
0,51.6
0.662,50.7
1.66,49.9
2.46,49.4
0,48.5
10.1,47.9
2.55,47.3
0,46.6
0,46.1
9.7,45.8
9.44,45
8.8,44.5
0.303,44.1
0,43.9
0.606,43.3
0.606,43.2
0.829,42.6
9.32,42.6
0.14,42.4
9.7,42.6
0.16,42.6
9.63,42.5
0,42.3
8.57,42.4
4.28,42.5
7.93,42.7
4.41,42.6
8.89,42.7
0.959,43.1
0.479,43.1
0.687,43.5
0.593,43.9
3.22,44.2
0,44.6
4.19,45
0,46
3.89,46.5
0,47.4
4.09,48.4
0,49.5
3.07,50.7
7.65,52
0.333,53.2
0.417,54.7
0.953,56.1
0,57.7
0.573,59.3
7.38,61.1
0.672,62.6
7.37,64.6
0,66.5
9.67,68.3
0.683,69.8
4.51,71.9
2.35,73.9
0.224,75.6
4.21,77.6
2.01,79.9
6.18,82.1
0,84.8
5.94,88.2
1.76,91.5
2.91,95.8
0,100
0,105
0,111
1.78,117
0.179,124
7.66,131
0.149,138
2.57,146
0,154
0,162
0.28,169
2.99,177
0,184
0.377,190
0,196
0,201
1.32,206
2.17,210
4.65,215
2.01,218
0.165,222
0.209,225
2.21,230
0.835,235
3.57,242
1.67,249
0.16,259
0.127,270
0,283
0,299
0.248,317
2.04,338
0.234,362
0,389
0.245,418
1.11,451
0.867,485
0.348,521
0.09,556
5.5,589
0.07,619
0.132,642
0,660
0.109,672
3.53,679
6.89,685
2.44,680
0.095,671
2.59,661
0.118,650
0.206,638
11.2,627
0,617
11.5,612
2.92,612
0,619
0,712
11.4,725
0,753
0,793
0,840
9.17,897
0,951
12.1,1.03E+03
10.3,1.07E+03
10.4,1.12E+03
0,1.17E+03
0.152,1.21E+03
1.95,1.25E+03
0,1.29E+03
0,1.32E+03
10.8,1.36E+03
0,1.40E+03
13.6,1.46E+03
0,1.51E+03
10.1,1.56E+03
2.66,1.60E+03
0,1.64E+03
0,1.68E+03
1.84,1.70E+03
1,1.71E+03
5,1.72E+03
0.983,1.73E+03
13.6,1.73E+03
13.1,1.74E+03
13.5,1.76E+03
3.14,1.76E+03
3.11,1.76E+03
6.9,1.78E+03
12.6,1.81E+03
3.67,1.81E+03
13.1,1.84E+03
11.9,1.87E+03
3.6,1.84E+03
5.59,1.85E+03
2.86,1.82E+03
11.3,1.86E+03
4.5,1.82E+03
15.2,1.79E+03
4.54,1.73E+03
3.28,1.69E+03
3.58,1.64E+03
17.8,1.63E+03
2.67,1.58E+03
14.9,1.55E+03
0.516,1.50E+03
13.9,1.50E+03
2.84,1.45E+03
12.4,1.46E+03
13.7,1.48E+03
14.6,1.49E+03
1.96,1.41E+03
8.34,1.40E+03
12,1.42E+03
11.2,1.38E+03
9.53,1.41E+03
5.56,1.41E+03
7.39,1.38E+03
6.23,1.43E+03
9.78,1.45E+03
6.4,1.49E+03
9.78,1.52E+03
8.09,1.54E+03
8.5,1.62E+03
6.69,1.67E+03
14.2,1.68E+03
8.15,1.68E+03
11.2,1.76E+03
7.65,1.82E+03
5.86,1.83E+03
8.99,1.82E+03
8.26,1.84E+03
9.24,1.89E+03
8.52,1.93E+03
5.45,1.92E+03
9.46,2.03E+03
10.3,2.03E+03
12.3,2.09E+03
7.34,2.16E+03
7.7,2.34E+03
10,2.27E+03
8.34,2.28E+03
9.92,2.48E+03
0.413,2.29E+03
0,2.19E+03
0.001,2.10E+03
0,2.03E+03
9.32,2.04E+03
14.1,2.09E+03
0.076,1.97E+03
14.5,2.07E+03
0.235,1.93E+03
13.8,2.00E+03
7.31,2.07E+03
0,1.93E+03
15.6,2.15E+03
8.74,2.15E+03
14.7,6.82E+03
14.8,4.57E+03
19.6,4.35E+03
0,2.04E+03
0.081,1.76E+03
0,1.65E+03
0.001,1.60E+03
0,1.59E+03
0.066,1.58E+03
0.083,1.57E+03
0.195,1.56E+03
14,1.56E+03
13,1.59E+03
13.4,5.43E+03
0,1.88E+03
0.076,1.50E+03
0,1.31E+03
0,1.21E+03
0.544,1.16E+03
0,1.13E+03
0.271,1.11E+03
0,1.09E+03
0,1.08E+03
0,1.06E+03
7.74,1.04E+03
0,1.02E+03
8.54,1.00E+03
0,919
0,899
0,887
0,876
0,864
0,851
0,836
0,821
0,804
0,787
0,770
0,752
0,735
0,718
0.175,701
2.41,684
0,668
2.36,653
0,637
0,622
0,607
0,593
0,578
0,565
0,551
0,538
0,526
0,512
0,500
0,489
0,478
0,460
0,445
0,432
0,419
0,406
0,395
0,384
0,373
2.75,363
0,354
2.44,344
0,335
3.19,326
0,310
0,299
0,289
0,279
0,270
2.89,261
0.236,253
0.229,246
0,238
0.299,231
0,225
5.94,219
8.46,213
0,207
0,202
0,196
0,191
0,186
0,181
1.38,176
0.012,172
0,167
0,163
5.17,160
0,156
0,152
0,148
0,145
8.26,146
0,140
0,137
0,133
0,130
0,126
0,123
0,120
0,117
0,114
0,111
2.44,109
0,106
2.91,104
0,102
0,99.5
0.833,97.2
1.08,95.2
0,93.3
0,91.7
1.09,90
0,87.8
1.24,86.5
0,84.7
9.42,82.9
0,81.3
9.88,79.8
10.6,79
8.73,77.3
5.59,76.2
10.1,75.3
4.75,73.8
0,72.7
0,71.2
1.04,70.2
0,68.9
1.3,67.9
0,66.7
0,65.7
2.83,64.3
8.62,63.5
0,62.2
0.125,61.1
0,60.1
4.47,59.3
0,58
0.146,57.2
0,56.1
0.2,55.4
9.13,54.7
0.072,53.8
9.84,53.3
0.17,52.6
0.134,51.9
0.299,51.5
0,50.8
0.15,50.2
1.73,49.6
0,49.2
0,48.4
0,48.1
9.17,47.4
0,47
2.81,46.5
0.154,46
0.11,45.5
9.51,45
0.088,44.8
9.07,44.2
0.142,44
0.129,43.7
0.34,43.2
0.18,43
0.007,42.7
0.091,42.3
0.451,42.3
0,41.9
0.423,41.9
1.08,41.8
0.34,41.6
3.44,41.8
2.27,41.9
0.345,41.8
0.268,41.7
1.64,42
0,42.1
1.01,42.5
0,42.6
0.537,42.9
2.89,43.4
8.55,43.6
1.31,44.1
8.11,44.5
0.171,44.9
7.71,45.2
0.62,45.8
0.561,46.1
1.2,46.9
1.25,47.4
3.17,48.2
0,49
0.128,50.4
2.63,51.9
0.201,53.8
1.29,56.1
2.7,58.7
0.064,62
0.453,65.6
0,69.6
7.45,73.9
0,78.7
0.281,83.6
0,88.9
1.1,94.1
0.422,99.5
0.087,105
0.847,110
0.361,115
0.192,120
0,124
0.284,130
0,134
4.2,139
2.76,144
4.06,149
6.78,155
0,160
0.301,166
3.22,172
0.814,178
1.6,184
0.13,191
1.44,198
1.14,206
0.886,215
6.09,225
1.51,237
0,250
1.96,266
1.55,282
0,301
1.28,320
1.48,339
0.11,358
0,375
0.266,390
0,402
0.1,412
0,418
0,422
0.228,422
0,420
5.8,416
4.77,410
0,402
2.45,393
5.69,384
1.87,374
4.31,363
1.9,353
9.66,344
0,334
10,327
9.67,344
1.08,331
5.06,331
9.99,336
0,347
0,366
0,394
0,498
0,552
0.864,625
0,715
0,821
0.933,939
0,1.07E+03
0,1.20E+03
0.183,1.34E+03
0,1.47E+03
0.198,1.59E+03
0,1.69E+03
0,1.77E+03
0,1.82E+03
0,1.85E+03
0,1.86E+03
11.8,1.84E+03
5.13,1.82E+03
0,1.78E+03
0,1.72E+03
11.1,1.68E+03
14,1.64E+03
14.8,1.62E+03
5.51,1.62E+03
0.088,1.54E+03
14.2,1.49E+03
14.5,1.45E+03
13.6,1.41E+03
1.22,1.35E+03
0.815,1.30E+03
13.3,1.30E+03
13.6,1.24E+03
13.5,1.22E+03
3.77,1.18E+03
11.2,1.15E+03
6.92,1.13E+03
3.3,1.10E+03
0.425,1.07E+03
0.09,1.05E+03
3.61,1.03E+03
1.24,1.01E+03
13.2,1.00E+03
0.583,974
13.3,891
15.4,1.05E+03
0.357,907
4.13,885
1.05,860
4.66,849
13.8,882
2.26,853
6.57,842
9.21,844
10.8,843
10,1.16E+03
10.7,972
8.96,946
10.2,980
7.26,947
6.84,1.02E+03
6.45,1.02E+03
3.04,969
8.73,1.03E+03
8.08,1.01E+03
10.8,1.04E+03
8.8,1.06E+03
6.16,1.21E+03
8.19,1.24E+03
13.5,1.35E+03
7.82,1.30E+03
9.31,1.47E+03
8.22,1.42E+03
8.35,1.73E+03
8.54,1.59E+03
11.7,1.58E+03
12.3,1.60E+03
5.39,1.58E+03
6.63,1.57E+03
4.27,1.69E+03
10,1.99E+03
9.43,1.92E+03
6.69,1.87E+03
0,1.78E+03
10.4,1.85E+03
0,1.75E+03
0,1.68E+03
0,1.63E+03
0,1.58E+03
12.8,1.56E+03
0,1.50E+03
0.044,1.44E+03
16,1.48E+03
17.4,1.67E+03
0,1.55E+03
0,1.48E+03
0,1.41E+03
0,1.35E+03
0,1.30E+03
16.2,1.31E+03
0,1.27E+03
11.9,1.34E+03
13.6,1.47E+03
14,1.63E+03
0,1.55E+03
0,1.48E+03
0.359,1.42E+03
0,1.36E+03
1.76,1.30E+03
0,1.25E+03
0.122,1.12E+03
0,1.08E+03
14.9,1.10E+03
0,1.06E+03
6.1,1.06E+03
0,1.02E+03
0,994
6.1,971
0,949
4.52,928
4.66,910
0,892
0,873
0,856
0,838
0,821
0,804
0.684,787
0,771
0.8,756
0,740
0,724
0,708
0,693
0,678
0,663
0,648
0,634
0,620
6.72,606
0,593
0,580
3,567
0,554
0,543
0,530
0,519
0,508
0.01,497
0,486
0,475
0,465
0,454
0,444
0,434
0,425
0,412
0,399
0,388
0,376
0,366
0.424,355
0,346
0,336
0,326
0,317
0,309
0,301
0,292
0,285
0.269,277
0,270
0,257
0,248
2.21,240
0,232
0,224
0,216
0,210
0.316,203
0,196
0.303,190
10.9,188
0,182
8.65,178
0.28,173
0,169
0,164
3.54,160
0,155
1.56,152
0,147
1.37,144
1.55,140
0,136
0,133
0,129
0.64,126
0,122
0,119
0,115
3.18,112
0,109
3,106
0,103
0,100
0,97.2
0,95
0,92.4
0,90.1
0,88
9.07,85.7
0,83.7
0,81.7
0.608,79.7
0,78
0,76.4
3.57,74.4
0,72.8
0,71.5
0,69.8
1.32,68.3
0,67
0,65.7
2.21,64.1
1.07,62.9
7.35,61.8
8.9,60.7
0,59.5
0,58.1
0.355,57.1
1.54,55.8
0,54.6
0,53.8
0,52.8
0,51.6
2.93,50.7
0.873,50
0.128,48.7
9.72,54.9
0,50.1
0.028,48.5
0.315,47.4
0,46.3
0,45.5
0,44.3
0,43.6
3.19,42.7
9.39,42.1
4.36,41.5
0.204,40.6
10.1,40
0,39.3
0.838,38.7
10.1,38.1
0,37.5
2.13,37
9.57,36.3
0,36
8.58,35.4
0.138,35
0.38,34.4
0,33.9
8.51,33.6
0.196,33.1
0,32.8
0,32.4
1.09,32.1
1.96,31.7
1.61,31.6
0.03,31.1
0.441,30.8
0.153,30.8
1.53,30.5
0.628,30.5
1.64,30.5
0.902,30.3
0,30.4
2.5,30.3
0,30.4
0.023,30.6
0,30.6
0.407,30.9
6.99,31
0.401,31.3
0.009,31.7
0,31.8
0.594,32.5
2.44,32.9
0.424,33.7
9.08,34.9
0.338,35.8
7.77,37
4.45,38.3
0.509,39.9
3.13,41.6
0.067,43.6
7.61,46.6
2.35,49.7
0.185,52.9
2.92,56.7
0.178,60.5
2.97,65.2
2.44,69.9
1.78,74.9
2.78,80.5
0,86
2.69,91.8
0.182,97.5
0.311,104
0.171,110
1.12,116
0.23,122
0.172,129
2.19,135
0,141
0.105,146
0,152
1.66,157
0,161
1.67,165
0.134,169
1.24,172
0.356,175
1.67,177
1.27,179
0.217,181
0.088,183
5.72,185
0.565,187
3.59,190
0,194
0.102,199
1.62,206
0.065,214
0.076,224
4.81,236
0.292,250
4.47,264
0,279
3.31,295
0.767,310
0,323
0,335
1.37,345
0,353
3.24,358
4.64,362
0,362
0.091,362
1.78,361
2.88,358
0.41,354
5.96,349
5.19,343
1.72,337
0,330
0,324
9.58,318
0,313
0,308
1.18,305
12.1,307
0,306
10.8,310
0,314
0,323
0,334
0,351
7.39,376
0,410
9.35,533
0,596
0,680
0.143,779
0,891
0.324,1.01E+03
0,1.13E+03
1.32,1.25E+03
0,1.36E+03
0.901,1.46E+03
0,1.54E+03
0,1.59E+03
8.89,1.63E+03
0,1.64E+03
0,1.63E+03
0.018,1.60E+03
3.33,1.57E+03
2.66,1.53E+03
0.771,1.49E+03
2.68,1.44E+03
0.236,1.40E+03
12.6,1.36E+03
2.69,1.32E+03
2.53,1.28E+03
3.42,1.25E+03
12.3,1.23E+03
7.28,1.20E+03
3.63,1.17E+03
3.32,1.14E+03
4.23,1.13E+03
5.05,1.14E+03
3.79,1.11E+03
3.02,1.08E+03
13.6,1.06E+03
5.41,1.05E+03
13.5,1.04E+03
13.1,1.01E+03
4.68,980
0,873
14.7,968
13.4,867
14.1,862
12.3,859
0,844
0.116,834
10.5,867
10.4,845
10.7,839
6.17,825
6.8,819
6.24,808
9.05,800
8.21,800
2.27,792
12.5,794
6.68,796
9.98,813
9.64,888
6.81,869
8.9,875
10.4,902
9.4,942
5.46,995
6.68,1.00E+03
3.66,1.01E+03
3.41,1.03E+03
5.88,1.03E+03
8.91,1.05E+03
6.26,1.06E+03
6.75,1.08E+03
0.114,1.07E+03
10.4,1.08E+03
9.54,1.25E+03
8.94,1.36E+03
7.08,1.34E+03
0.169,1.30E+03
2.42,1.27E+03
0,1.24E+03
0,1.21E+03
0.232,1.10E+03
2.54,1.07E+03
0.075,1.06E+03
13.3,1.07E+03
6.94,1.25E+03
14.8,1.30E+03
0.219,1.22E+03
14.8,1.37E+03
0,1.27E+03
13.8,1.35E+03
12.4,1.46E+03
0.074,1.37E+03
11.9,1.48E+03
0,1.38E+03
14.9,1.47E+03
15.6,1.66E+03
11.4,1.76E+03
0.076,1.63E+03
0.001,1.56E+03
13.6,1.62E+03
0.698,1.54E+03
0.001,1.49E+03
0.167,1.45E+03
0.085,1.41E+03
15.6,1.42E+03
0,1.38E+03
14.6,1.48E+03
0,1.41E+03
0,1.37E+03
0,1.33E+03
0,1.30E+03
0,1.27E+03
0,1.23E+03
0,1.20E+03
0,1.17E+03
4.21,1.06E+03
0.865,1.03E+03
0,1.01E+03
0,988
0,968
0.675,946
0,923
0,899
0,875
0,850
0.38,826
0,802
0.329,779
8.97,767
0.179,741
0,719
0.811,698
0,679
0.297,660
0.875,642
0,625
0.76,608
0,592
0,577
0.295,562
1.22,549
0,535
1.5,522
1.23,510
1.21,497
0,485
1.68,474
0.889,463
1.46,452
4.69,442
1.52,431
0,420
0,409
0,399
0,388
0.618,379
0,369
0,360
0,348
0,340
0,331
0,323
0,315
1.12,307
0,300
0,292
0,279
0,270
0,261
3.61,252
0,245
0,237
1.2,230
0.287,223
1.33,216
0.322,210
1.95,203
1.79,197
0,192
0,186
0,181
0,176
0,171
0,166
0,161
0,157
0,152
0,148
0,143
0,139
0,135
0,132
0,128
0,123
0,119
8.88,116
0,112
9.41,120
0,111
10.9,143
0,122
0,116
1.13,112
0.709,108
2.08,105
0,101
0.25,98.1
10.4,95.7
0,93
8.94,90.5
0,88.4
9.63,86.3
0,84.7
0,82.8
0,81.2
0,79.3
0,78
9.36,76.7
0.075,75.1
8.34,74
0,72.8
0,71.5
0,70.3
1.09,69.3
0.536,68.1
0,67.2
1.13,66.1
0.196,65
0,64.1
0,63.2
0.962,62.3
8.76,61.3
0.409,60.2
0.075,59.6
0.181,58.4
0.246,57.7
1.04,56.8
0.212,56
0.091,55
0.111,54.3
2.9,53.2
5.38,52.3
0.114,51.5
9.58,50.7
0.03,50.1
0.365,49.3
0.012,48.3
0.764,47.7
0.019,47
0,46.2
0,45.6
0,44.8
10,44.4
0,43.7
0.156,43.1
0,42.4
0.094,41.9
0.121,41.2
0.19,40.8
0.117,40.1
9.29,39.9
0,39.6
7.65,39.3
0.986,39
0,38.7
0.27,38.4
0,38.3
2.68,38.4
0,38.4
2.83,38.3
1.57,38.5
2.15,38.8
1.4,38.9
2.77,39.2
1.21,39.7
0.332,39.9
0.264,40.5
0,41
0,41.5
10.1,42.3
0,42.8
0.509,43.8
0,44.5
1.54,45.5
0,46.7
4.4,47.7
5.05,49
0.63,50.4
7.44,51.6
7.69,53
0.15,54.5
7.21,55.9
0.301,57.4
1.02,59
0.324,60.8
0.253,62.8
0.644,65.7
0.394,68.5
0,72.1
0.966,76.5
0.817,81.4
0.167,87.3
0.305,93.8
0.245,101
0.551,108
0.298,116
0,124
0.156,133
0,142
0.897,150
0.556,159
0,167
0.216,175
0,182
0,189
0,196
0,201
0,206
1.89,210
0,213
0.395,216
0,218
0.769,220
4.29,220
0.27,221
4.29,222
3.96,222
0,223
3.67,225
0,227
0,230
5.3,234
0,239
3.31,244
5.27,250
0,257
0.181,263
0,270
0.144,276
2.35,282
0.046,288
2.63,294
0.244,299
3.04,303
5.01,306
0.054,308
0.24,310
0.165,310
1.1,310
3.84,310
0,309
12.6,314
0,313
0.143,315
2.6,321
0,329
2.46,345
0,368
13.7,411
0,533
0,594
0,673
5.07,764
0.156,865
0,969
1.86,1.07E+03
2.12,1.17E+03
1.55,1.25E+03
0,1.32E+03
2.11,1.38E+03
0.143,1.41E+03
0,1.43E+03
9.23,1.44E+03
0,1.44E+03
11.7,1.45E+03
0,1.42E+03
12.7,1.47E+03
0,1.41E+03
0,1.37E+03
0,1.34E+03
0,1.30E+03
13.9,1.30E+03
14.3,1.28E+03
14.6,1.26E+03
14.1,1.31E+03
11.5,1.25E+03
2.7,1.21E+03
14.9,1.21E+03
4.12,1.20E+03
14,1.24E+03
12,1.21E+03
13.1,1.24E+03
12.9,1.30E+03
3.63,1.30E+03
13.5,1.34E+03
13.9,1.42E+03
8.65,1.48E+03
14.3,1.52E+03
14.2,1.60E+03
3.32,1.58E+03
2.71,1.56E+03
2.23,1.56E+03
2.96,1.55E+03
4.14,1.54E+03
1.89,1.52E+03
13.3,1.52E+03
12.3,1.56E+03
10.6,1.61E+03
2.86,1.51E+03
3.33,1.46E+03
3.06,1.41E+03
3.33,1.36E+03
2.75,1.32E+03
10.2,1.28E+03
9.55,1.26E+03
6.91,1.26E+03
7.58,1.26E+03
6.85,1.33E+03
6.38,1.36E+03
8.66,1.48E+03
6.63,1.42E+03
7.04,1.44E+03
10.3,1.43E+03
10,1.42E+03
5.24,1.44E+03
5.89,1.45E+03
11.5,1.64E+03
12.7,1.57E+03
11.1,1.59E+03
5.61,1.58E+03
6.81,1.56E+03
12.2,1.67E+03
9.59,1.87E+03
8.07,1.84E+03
13.8,1.95E+03
5.95,1.98E+03
5.65,2.08E+03
9.05,2.04E+03
8.9,2.17E+03
8.92,2.15E+03
10.7,2.17E+03
4.88,2.10E+03
4.99,2.14E+03
13.1,2.24E+03
0.001,2.12E+03
1.44,2.05E+03
0.068,1.99E+03
12.2,2.03E+03
0.002,1.96E+03
13.5,2.09E+03
0.077,1.98E+03
14,2.07E+03
0.073,1.96E+03
0,1.88E+03
0.218,1.80E+03
0,1.72E+03
14.7,1.74E+03
0.049,1.65E+03
0,1.58E+03
7.59,1.66E+03
0,1.57E+03
0.001,1.50E+03
0,1.34E+03
0.001,1.28E+03
0.001,1.24E+03
0,1.21E+03
0.26,1.17E+03
0,1.14E+03
0.076,1.10E+03
0,1.07E+03
10.1,1.05E+03
0,1.01E+03
0,982
0,953
0,925
0,899
0,874
0,849
0,826
0,804
0,782
0,761
0.106,741
0,722
0.105,702
0,684
0.107,667
0,649
0,632
0,616
0,600
0,585
0,570
0,556
0,542
0,528
0,516
0,502
0,488
0,474
3.02,460
1.04,448
1.39,435
0,418
0.491,406
0,394
0,383
0,374
0,363
0,354
0,344
0,335
0.09,326
0,318
0,302
0,291
0,281
0,273
0,264
0,256
0,248
0,241
0,234
0,226
0.722,219
0,213
0,206
0,199
0.01,193
0,187
0,181
0,175
0,170
0,165
12.3,168
0,161
0,156
0,151
0,146
0,142
0.143,137
0,133
0,128
0,124
0,120
0,117
0,113
0,110
0,107
6.79,104
0,101
0,98.2
0,95.6
0,93.4
0,90.9
0,88.7
0,86.6
0,84.2
0,82.3
0,80.1
0,78.2
0,76.5
0,74.4
0.065,72.9
0,71.2
0,69.5
0,68
1.97,66.2
0.939,65.1
1.79,63.6
0.963,61.9
0,60.7
0,59.4
0,57.8
0,56.6
0,55.4
0.22,54
1.23,52.8
0,51.7
0,50.7
0,49.7
0,48.3
0,47.5
0,46.4
0.309,45.5
0,44.5
0,43.5
0,42.7
0,41.7
0,41.1
0.291,40.1
0,39.3
3.68,38.5
3.7,37.7
0,37
0,36.3
0.926,35.5
2.21,34.7
0.158,34.1
0.16,33.4
0.142,32.9
0.221,32.2
0.088,31.4
8.55,30.8
2.69,30.3
0.192,29.8
1.2,29.1
8.51,28.5
0.063,28.1
0.073,27.6
0.097,27
0.177,26.6
9.7,26.7
0.182,26.2
0.257,25.9
0.998,25.5
0.161,25
0.208,24.6
1.7,24.1
1.07,23.6
0.102,23.3
1.29,23
0,22.6
10.3,22.8
0.047,22.2
0.46,21.9
3.99,21.5
7.59,22.1
4.04,21.2
0.475,20.8
5.86,20.6
0.49,20.2
0.885,20.1
1.02,19.8
0.406,19.6
0,19.7
0,19.4
0,19.4
6.97,19.3
0.661,19.3
8.79,19.5
8.11,19.7
10.3,20.2
0,20.4
0.329,20.9
0,21.2
0,21.9
0,22.5
0,23
0,23.7
0,24.4
0.167,25.2
4.33,26
0.962,26.7
4.24,27.7
0.425,28.5
0,29.3
1.36,30.2
0.366,31.1
0.145,32
3.79,33.1
0.374,34.3
0,35.5
1.14,36.8
5.39,38.2
2.87,39.9
0.335,41.5
0.143,43.5
0.112,45.4
2.78,47.4
5.5,49.5
1.98,52
4.47,54.6
0.248,57.2
4.47,59.9
0.197,62.8
0,65.8
0.533,68.6
2.9,71.6
0.072,74.4
0.178,77.5
0,80.2
5.22,83.6
0.914,86.5
0.424,89.6
0.273,92.6
2.92,95.8
0,99
0,102
0,106
4.77,110
0,114
0.474,119
0,124
0,131
1.19,138
0.504,145
0.086,153
0.111,162
0.107,170
2.74,178
1.22,187
4.97,194
2.82,201
0.285,207
0.143,212
0,217
2.1,220
5.83,223
0.13,224
0.321,225
5.58,226
0.113,225
0.366,224
0,223
6.04,221
0,219
9.28,221
0,218
0,218
9.72,219
0,223
11.4,233
8.73,248
0,272
0.142,307
9.93,359
0,500
10.1,589
0,692
10.6,803
0,914
0,1.02E+03
9.77,1.12E+03
11.6,1.20E+03
10.3,1.25E+03
14.3,1.29E+03
0,1.32E+03
0,1.33E+03
11.4,1.38E+03
0,1.35E+03
0,1.32E+03
9.54,1.30E+03
0,1.26E+03
0,1.23E+03
0,1.19E+03
11.1,1.20E+03
0.025,1.14E+03
1.33,1.10E+03
0.165,1.06E+03
15.4,1.05E+03
0.041,1.01E+03
13.3,1.04E+03
0.184,988
2.77,875
0.457,853
1.78,840
14.9,1.03E+03
12.9,903
11.5,862
10.8,855
14.4,856
2.23,821
12.9,826
12.7,826
3.79,807
2.56,796
12.4,849
15.2,1.02E+03
5.62,937
2.91,901
12.3,949
4.16,916
13.6,1.14E+03
13.7,1.18E+03
3.57,1.03E+03
14.7,1.34E+03
13.7,1.40E+03
10.1,1.42E+03
0.48,1.31E+03
9.48,1.40E+03
0.335,1.30E+03
7.08,1.32E+03
7.8,1.34E+03
8.94,1.54E+03
9.58,1.55E+03
10.1,1.71E+03
7.22,1.61E+03
6.67,1.58E+03
9.58,1.55E+03
10.3,1.62E+03
13.1,1.86E+03
5.91,1.78E+03
10.6,1.78E+03
4.7,1.76E+03
10.3,1.83E+03
9.09,1.81E+03
7.68,1.87E+03
5.08,1.81E+03
9.34,1.92E+03
0.637,1.80E+03
8.26,1.80E+03
10,1.88E+03
5.46,1.81E+03
4.54,1.75E+03
8.24,1.73E+03
8.44,1.73E+03
6.4,1.76E+03
10.4,1.90E+03
9.81,1.96E+03
16.1,2.04E+03
9.43,2.14E+03
0,1.95E+03
0.034,1.83E+03
0,1.74E+03
0.076,1.66E+03
14.9,1.66E+03
0.012,1.59E+03
16.3,1.79E+03
14.9,1.95E+03
0.07,1.82E+03
0.001,1.74E+03
14,2.04E+03
0.296,1.85E+03
0,1.74E+03
2.37,1.65E+03
1.43,1.58E+03
2.05,1.51E+03
0,1.46E+03
0,1.40E+03
0,1.36E+03
0,1.22E+03
0.31,1.19E+03
0,1.16E+03
0.062,1.14E+03
0.293,1.12E+03
0.217,1.10E+03
0.077,1.07E+03
0.072,1.04E+03
0,1.02E+03
0.096,988
0,960
0,932
0,906
0.644,879
0,853
0,827
0,803
0,778
0,755
0,732
0,710
0.291,688
0,667
0.156,647
0,628
6.73,609
0,591
0,574
0,557
0,541
0,526
0,511
9.44,496
0,483
0,470
0,457
0,441
5.56,429
0,417
0,406
0,396
0,385
0,375
0,365
0,356
0,347
3.81,336
0.01,327
0,317
0.02,307
0,298
0,283
0.421,273
0,263
0.348,254
0,246
0.323,238
0.027,230
0,223
0,216
0,209
0,203
0,197
0,191
0,186
0,180
0,175
0,171
0,166
0,162
0,158
0,153
0,149
0,145
0.078,141
0,137
0,134
0,130
4.17,126
0,122
0,118
0,115
0,111
0,108
0,105
0,102
7.29,99.1
0,96.5
0,93.6
0,91.1
0,88.6
1.13,86.3
0,84.1
0.22,81.8
0,79.6
0,77.8
8.86,75.9
0.676,74
2.18,72.2
0.52,70.6
0,68.7
0,67
0,65.7
0,64.1
0,62.5
0.316,61.4
6.75,59.9
9.09,58.7
7.5,57.4
0,56.1
0,55
0,53.6
0,52.7
0,51.6
0,50.6
1.26,49.8
0,48.7
0,47.6
0.091,47
1.16,45.9
0,45.2
0,44.2
0,43.7
0,42.9
0,42
0,41.3
0,40.8
8.58,40
0,39.2
0,38.7
